{
  "Profiles": [
    {
      "Link Color": {
        "Red Component": 0,
        "Color Space": "sRGB",
        "Blue Component": 0.734233021736145,
        "Alpha Component": 1,
        "Green Component": 0.3591606020927429
      },
      "Tags": [],
      "Ansi 12 Color": {
        "Green Component": 0.796078431372549,
        "Red Component": 0.5882352941176471,
        "Blue Component": 0.996078431372549
      },
      "Ansi 7 Color": {
        "Green Component": 0.8780335783958435,
        "Red Component": 0.8780598640441895,
        "Blue Component": 0.8780484795570374
      },
      "Ansi 8 Color": {
        "Green Component": 0,
        "Red Component": 0,
        "Blue Component": 0
      },
      "Bold Color": {
        "Green Component": 0.7843137254901961,
        "Red Component": 0.7725490196078432,
        "Blue Component": 0.7764705882352941
      },
      "Ansi 9 Color": {
        "Green Component": 0.3725490196,
        "Red Component": 0.9921568627,
        "Blue Component": 0.9450980392
      },
      "Horizontal Spacing": 1,
      "Right Option Key Sends": 0,
      "Rows": 34,
      "Default Bookmark": "No",
      "Cursor Guide Color": {
        "Red Component": 0.7021318674087524,
        "Color Space": "sRGB",
        "Blue Component": 1,
        "Alpha Component": 0.25,
        "Green Component": 0.9268307089805603
      },
      "Non-ASCII Anti Aliased": true,
      "Use Bright Bold": true,
      "Ansi 10 Color": {
        "Green Component": 0.9788520932197571,
        "Red Component": 0.5818355083465576,
        "Blue Component": 0.21213282644748688
      },
      "Ambiguous Double Width": false,
      "Jobs to Ignore": [
        "rlogin",
        "ssh",
        "slogin",
        "telnet"
      ],
      "Ansi 15 Color": {
        "Green Component": 0.8780335187911987,
        "Red Component": 0.8780598044395447,
        "Blue Component": 0.8780484199523926
      },
      "Foreground Color": {
        "Green Component": 0.7843137254901961,
        "Red Component": 0.7725490196078432,
        "Blue Component": 0.7764705882352941
      },
      "Blinking Cursor": false,
      "Disable Window Resizing": true,
      "Sync Title": false,
      "Prompt Before Closing 2": false,
      "BM Growl": true,
      "Command": "",
      "Description": "Default",
      "Mouse Reporting": true,
      "Screen": -1,
      "Selection Color": {
        "Green Component": 0.26666666666666666,
        "Red Component": 0.26666666666666666,
        "Blue Component": 0.26666666666666666
      },
      "Only The Default BG Color Uses Transparency": false,
      "Columns": 140,
      "Idle Code": 0,
      "Ansi 13 Color": {
        "Green Component": 0.7128009796142578,
        "Red Component": 0.7272258400917053,
        "Blue Component": 0.9893276691436768
      },
      "Custom Command": "No",
      "ASCII Anti Aliased": true,
      "Non Ascii Font": "FiraCode-Regular 11",
      "Vertical Spacing": 1,
      "Use Bold Font": true,
      "Option Key Sends": 0,
      "Selected Text Color": {
        "Green Component": 0.7843137254901961,
        "Red Component": 0.7725490196078432,
        "Blue Component": 0.7764705882352941
      },
      "Background Color": {
        "Green Component": 0.09214270114898682,
        "Red Component": 0.08693759888410568,
        "Blue Component": 0.09770775586366653
      },
      "Character Encoding": 4,
      "Ansi 11 Color": {
        "Green Component": 1,
        "Red Component": 0.9622171521186829,
        "Blue Component": 0.6569250226020813
      },
      "Use Italic Font": true,
      "Unlimited Scrollback": false,
      "Keyboard Map" : {
        "0x5e-0x60000" : {
          "Action" : 11,
          "Text" : "0x1e"
        },
        "0xf702-0x280000" : {
          "Action" : 10,
          "Text" : "b"
        },
        "0xf702-0x260000" : {
          "Action" : 11,
          "Text" : "0x1b 0x1b 0x5b 0x44"
        },
        "0xf703-0x280000" : {
          "Action" : 10,
          "Text" : "f"
        },
        "0xf70a-0x20000" : {
          "Action" : 10,
          "Text" : "[28~"
        },
        "0xf703-0x260000" : {
          "Action" : 10,
          "Text" : "[C"
        },
        "0xf702-0x220000" : {
          "Action" : 10,
          "Text" : "[D"
        },
        "0xf703-0x240000" : {
          "Action" : 10,
          "Text" : "[5C"
        },
        "0xf702-0x240000" : {
          "Action" : 10,
          "Text" : "[5D"
        },
        "0xf703-0x220000" : {
          "Action" : 10,
          "Text" : "[C"
        },
        "0xf700-0x280000" : {
          "Action" : 10,
          "Text" : "[A"
        },
        "0xf72b-0x20000" : {
          "Action" : 10,
          "Text" : "[F"
        },
        "0xf700-0x260000" : {
          "Action" : 10,
          "Text" : "[A"
        },
        "0xf701-0x280000" : {
          "Action" : 10,
          "Text" : "[B"
        },
        "0xf700-0x240000" : {
          "Action" : 10,
          "Text" : "[A"
        },
        "0xf701-0x260000" : {
          "Action" : 10,
          "Text" : "[B"
        },
        "0xf700-0x220000" : {
          "Action" : 10,
          "Text" : "[A"
        },
        "0xf701-0x240000" : {
          "Action" : 10,
          "Text" : "[B"
        },
        "0xf72b-0x40000" : {
          "Action" : 4,
          "Text" : ""
        },
        "0xf701-0x220000" : {
          "Action" : 10,
          "Text" : "[B"
        },
        "0xf708-0x20000" : {
          "Action" : 10,
          "Text" : "[25~"
        },
        "0xf709-0x20000" : {
          "Action" : 10,
          "Text" : "[26~"
        },
        "0xf70b-0x20000" : {
          "Action" : 10,
          "Text" : "[29~"
        },
        "0xf729-0x20000" : {
          "Action" : 10,
          "Text" : "[H"
        },
        "0xf729-0x40000" : {
          "Action" : 5,
          "Text" : ""
        }
      },
      "Window Type": 0,
      "Background Image Location": "",
      "Blur": false,
      "Badge Color": {
        "Red Component": 1,
        "Color Space": "sRGB",
        "Blue Component": 0,
        "Alpha Component": 0.5,
        "Green Component": 0.1491314172744751
      },
      "Scrollback Lines": 10000,
      "Send Code When Idle": false,
      "Close Sessions On End": true,
      "Terminal Type": "xterm-256color",
      "Visual Bell": true,
      "Flashing Bell": false,
      "Silence Bell": false,
      "Ansi 14 Color": {
        "Green Component": 0.7456039786338806,
        "Red Component": 0.5230981707572937,
        "Blue Component": 0.9940510988235474
      },
      "Name": "Dotfiles Default",
      "Cursor Text Color": {
        "Green Component": 0.08235294371843338,
        "Red Component": 0.08235294371843338,
        "Blue Component": 0.08235294371843338
      },
      "Shortcut": "",
      "Cursor Color": {
        "Green Component": 0.8156862854957581,
        "Red Component": 0.8156862854957581,
        "Blue Component": 0.8156862854957581
      },
      "Transparency": 0.05573247144670049,
      "Ansi 1 Color": {
        "Green Component": 0.3725490196,
        "Red Component": 0.9921568627,
        "Blue Component": 0.9450980392
      },
      "Ansi 2 Color": {
        "Green Component": 0.7647058823529411,
        "Red Component": 0.5294117647058824,
        "Blue Component": 0.5411764705882353
      },
      "Ansi 3 Color": {
        "Green Component": 0.8431372549019608,
        "Red Component": 1,
        "Blue Component": 0.6941176470588235
      },
      "Ansi 4 Color": {
        "Green Component": 0.7456039786338806,
        "Red Component": 0.5230981707572937,
        "Blue Component": 0.9940510988235474
      },
      "Ansi 5 Color": {
        "Green Component": 0.7128009796142578,
        "Red Component": 0.7272258400917053,
        "Blue Component": 0.9893276691436768
      },
      "Use Non-ASCII Font": false,
      "Ansi 6 Color": {
        "Green Component": 0.7456039786338806,